﻿UF;CATEGORIA;TIPO_RELATORIO;TOTAL
AC;Caçador de Subsistência;REGISTROS NOVOS;9
AC;Caçador de Subsistência;RENOVAÇÕES;3
AC;Cidadão;REGISTROS NOVOS;79
AC;Cidadão;RENOVAÇÕES;3
AC;Cidadão;TRANSFERENCIAS;5
AC;Servidor Público(Porte por prerrogativa de função);REGISTROS NOVOS;5
AL;Cidadão;REGISTROS NOVOS;62
AL;Cidadão;RENOVAÇÕES;15
AL;Cidadão;TRANSFERENCIAS;7
AL;Empresa com Segurança Orgânica;REGISTROS NOVOS;1
AL;Órgão público sem taxa;REGISTROS NOVOS;26
AL;Servidor Público(Porte por prerrogativa de função);REGISTROS NOVOS;31
AL;Servidor Público(Porte por prerrogativa de função);RENOVAÇÕES;4
AL;Servidor Público(Porte por prerrogativa de função);TRANSFERENCIAS;2
AM;Caçador de Subsistência;REGISTROS NOVOS;1
AM;Cidadão;REGISTROS NOVOS;62
AM;Cidadão;RENOVAÇÕES;2
AM;Empresa de Segurança Privada;TRANSFERENCIAS;12
AM;Servidor Público(Porte por prerrogativa de função);REGISTROS NOVOS;11
AM;Servidor Público(Porte por prerrogativa de função);RENOVAÇÕES;2
AP;Cidadão;REGISTROS NOVOS;23
AP;Cidadão;RENOVAÇÕES;2
AP;Cidadão;TRANSFERENCIAS;4
AP;Empresa de Segurança Privada;REGISTROS NOVOS;10
AP;Empresa de Segurança Privada;TRANSFERENCIAS;5
AP;Órgão público sem taxa;TRANSFERENCIAS;8
AP;Servidor Público(Porte por prerrogativa de função);REGISTROS NOVOS;3
AP;Servidor Público(Porte por prerrogativa de função);RENOVAÇÕES;1
BA;Cidadão;REGISTROS NOVOS;343
BA;Cidadão;RENOVAÇÕES;22
BA;Cidadão;TRANSFERENCIAS;29
BA;Empresa com Segurança Orgânica;REGISTROS NOVOS;10
BA;Empresa de Segurança Privada;TRANSFERENCIAS;254
BA;Servidor Público(Porte por prerrogativa de função);REGISTROS NOVOS;48
BA;Servidor Público(Porte por prerrogativa de função);RENOVAÇÕES;11
BA;Servidor Público(Porte por prerrogativa de função);TRANSFERENCIAS;11
CE;Cidadão;REGISTROS NOVOS;30
CE;Cidadão;RENOVAÇÕES;1
CE;Cidadão;TRANSFERENCIAS;10
CE;Empresa de Segurança Privada;TRANSFERENCIAS;10
CE;Servidor Público(Porte por prerrogativa de função);REGISTROS NOVOS;19
CE;Servidor Público(Porte por prerrogativa de função);RENOVAÇÕES;2
CE;Servidor Público(Porte por prerrogativa de função);TRANSFERENCIAS;7
DF;Cidadão;REGISTROS NOVOS;180
DF;Cidadão;RENOVAÇÕES;36
DF;Cidadão;TRANSFERENCIAS;10
DF;Empresa de Segurança Privada;REGISTROS NOVOS;29
DF;Empresa de Segurança Privada;RENOVAÇÕES;7
DF;Empresa de Segurança Privada;TRANSFERENCIAS;7
DF;Órgão público sem taxa;REGISTROS NOVOS;5097
DF;Servidor Público(Porte por prerrogativa de função);REGISTROS NOVOS;33
DF;Servidor Público(Porte por prerrogativa de função);RENOVAÇÕES;16
DF;Servidor Público(Porte por prerrogativa de função);TRANSFERENCIAS;4
ES;Cidadão;REGISTROS NOVOS;709
ES;Cidadão;RENOVAÇÕES;64
ES;Cidadão;TRANSFERENCIAS;41
ES;Empresa de Segurança Privada;REGISTROS NOVOS;4
ES;Empresa de Segurança Privada;RENOVAÇÕES;1
ES;Empresa de Segurança Privada;TRANSFERENCIAS;130
ES;Órgão público sem taxa;REGISTROS NOVOS;4
ES;Órgão público sem taxa;TRANSFERENCIAS;1
ES;Servidor Público(Porte por prerrogativa de função);REGISTROS NOVOS;16
ES;Servidor Público(Porte por prerrogativa de função);RENOVAÇÕES;3
ES;Servidor Público(Porte por prerrogativa de função);TRANSFERENCIAS;1
GO;Cidadão;REGISTROS NOVOS;258
GO;Cidadão;RENOVAÇÕES;31
GO;Cidadão;TRANSFERENCIAS;40
GO;Empresa de Segurança Privada;REGISTROS NOVOS;2
GO;Empresa de Segurança Privada;TRANSFERENCIAS;30
GO;Órgão público sem taxa;TRANSFERENCIAS;38
GO;Servidor Público(Porte por prerrogativa de função);REGISTROS NOVOS;35
GO;Servidor Público(Porte por prerrogativa de função);RENOVAÇÕES;4
GO;Servidor Público(Porte por prerrogativa de função);TRANSFERENCIAS;9
MA;Cidadão;REGISTROS NOVOS;237
MA;Cidadão;RENOVAÇÕES;6
MA;Cidadão;TRANSFERENCIAS;10
MA;Empresa de Segurança Privada;TRANSFERENCIAS;5
MA;Servidor Público(Porte por prerrogativa de função);REGISTROS NOVOS;26
MG;Cidadão;REGISTROS NOVOS;1073
MG;Cidadão;RENOVAÇÕES;130
MG;Cidadão;TRANSFERENCIAS;78
MG;Empresa de Segurança Privada;REGISTROS NOVOS;13
MG;Empresa de Segurança Privada;RENOVAÇÕES;10
MG;Órgão público sem taxa;REGISTROS NOVOS;170
MG;Órgão público sem taxa;TRANSFERENCIAS;418
MG;Servidor Público(Porte por prerrogativa de função);REGISTROS NOVOS;93
MG;Servidor Público(Porte por prerrogativa de função);RENOVAÇÕES;16
MG;Servidor Público(Porte por prerrogativa de função);TRANSFERENCIAS;29
MS;Caçador de Subsistência;TRANSFERENCIAS;1
MS;Cidadão;REGISTROS NOVOS;252
MS;Cidadão;RENOVAÇÕES;50
MS;Cidadão;TRANSFERENCIAS;16
MS;Empresa de Segurança Privada;REGISTROS NOVOS;7
MS;Empresa de Segurança Privada;TRANSFERENCIAS;7
MS;Órgão público sem taxa;REGISTROS NOVOS;620
MS;Servidor Público(Porte por prerrogativa de função);REGISTROS NOVOS;19
MS;Servidor Público(Porte por prerrogativa de função);RENOVAÇÕES;10
MS;Servidor Público(Porte por prerrogativa de função);TRANSFERENCIAS;9
MT;Caçador de Subsistência;RENOVAÇÕES;1
MT;Cidadão;REGISTROS NOVOS;978
MT;Cidadão;RENOVAÇÕES;64
MT;Cidadão;TRANSFERENCIAS;44
MT;Empresa de Segurança Privada;REGISTROS NOVOS;24
MT;Empresa de Segurança Privada;RENOVAÇÕES;6
MT;Empresa de Segurança Privada;TRANSFERENCIAS;17
MT;Revendedor;REGISTROS NOVOS;2
MT;Servidor Público(Porte por prerrogativa de função);REGISTROS NOVOS;17
MT;Servidor Público(Porte por prerrogativa de função);RENOVAÇÕES;7
MT;Servidor Público(Porte por prerrogativa de função);TRANSFERENCIAS;8
PA;Caçador de Subsistência;REGISTROS NOVOS;16
PA;Caçador de Subsistência;RENOVAÇÕES;1
PA;Caçador de Subsistência;TRANSFERENCIAS;1
PA;Cidadão;REGISTROS NOVOS;356
PA;Cidadão;RENOVAÇÕES;14
PA;Cidadão;TRANSFERENCIAS;6
PA;Empresa de Segurança Privada;REGISTROS NOVOS;14
PA;Servidor Público(Porte por prerrogativa de função);REGISTROS NOVOS;29
PA;Servidor Público(Porte por prerrogativa de função);RENOVAÇÕES;1
PA;Servidor Público(Porte por prerrogativa de função);TRANSFERENCIAS;5
PB;Caçador de Subsistência;TRANSFERENCIAS;1
PB;Cidadão;REGISTROS NOVOS;128
PB;Cidadão;RENOVAÇÕES;10
PB;Cidadão;TRANSFERENCIAS;9
PB;Empresa de Segurança Privada;REGISTROS NOVOS;30
PB;Empresa de Segurança Privada;RENOVAÇÕES;3
PB;Órgão público com taxa;REGISTROS NOVOS;35
PB;Servidor Público(Porte por prerrogativa de função);REGISTROS NOVOS;16
PB;Servidor Público(Porte por prerrogativa de função);RENOVAÇÕES;1
PB;Servidor Público(Porte por prerrogativa de função);TRANSFERENCIAS;8
PE;Caçador de Subsistência;TRANSFERENCIAS;1
PE;Cidadão;REGISTROS NOVOS;163
PE;Cidadão;RENOVAÇÕES;30
PE;Cidadão;TRANSFERENCIAS;31
PE;Empresa de Segurança Privada;TRANSFERENCIAS;163
PE;Servidor Público(Porte por prerrogativa de função);REGISTROS NOVOS;47
PE;Servidor Público(Porte por prerrogativa de função);RENOVAÇÕES;8
PE;Servidor Público(Porte por prerrogativa de função);TRANSFERENCIAS;7
PI;Cidadão;REGISTROS NOVOS;95
PI;Cidadão;RENOVAÇÕES;12
PI;Cidadão;TRANSFERENCIAS;3
PI;Órgão público com taxa;REGISTROS NOVOS;6
PI;Servidor Público(Porte por prerrogativa de função);REGISTROS NOVOS;8
PI;Servidor Público(Porte por prerrogativa de função);RENOVAÇÕES;5
PI;Servidor Público(Porte por prerrogativa de função);TRANSFERENCIAS;2
PR;Cidadão;REGISTROS NOVOS;604
PR;Cidadão;RENOVAÇÕES;122
PR;Cidadão;TRANSFERENCIAS;43
PR;Empresa de Segurança Privada;REGISTROS NOVOS;2
PR;Empresa de Segurança Privada;TRANSFERENCIAS;203
PR;Órgão público sem taxa;REGISTROS NOVOS;20
PR;Servidor Público(Porte por prerrogativa de função);REGISTROS NOVOS;15
PR;Servidor Público(Porte por prerrogativa de função);RENOVAÇÕES;12
PR;Servidor Público(Porte por prerrogativa de função);TRANSFERENCIAS;2
RJ;Cidadão;REGISTROS NOVOS;612
RJ;Cidadão;RENOVAÇÕES;86
RJ;Cidadão;TRANSFERENCIAS;35
RJ;Empresa de Segurança Privada;REGISTROS NOVOS;12
RJ;Empresa de Segurança Privada;RENOVAÇÕES;606
RJ;Servidor Público(Porte por prerrogativa de função);REGISTROS NOVOS;61
RJ;Servidor Público(Porte por prerrogativa de função);RENOVAÇÕES;24
RJ;Servidor Público(Porte por prerrogativa de função);TRANSFERENCIAS;10
RN;Cidadão;REGISTROS NOVOS;115
RN;Cidadão;RENOVAÇÕES;12
RN;Cidadão;TRANSFERENCIAS;16
RN;Empresa de Segurança Privada;REGISTROS NOVOS;11
RN;Servidor Público(Porte por prerrogativa de função);REGISTROS NOVOS;19
RN;Servidor Público(Porte por prerrogativa de função);RENOVAÇÕES;1
RO;Caçador de Subsistência;TRANSFERENCIAS;2
RO;Cidadão;REGISTROS NOVOS;293
RO;Cidadão;RENOVAÇÕES;19
RO;Cidadão;TRANSFERENCIAS;36
RO;Empresa de Segurança Privada;REGISTROS NOVOS;2
RO;Órgão público sem taxa;REGISTROS NOVOS;39
RO;Servidor Público(Porte por prerrogativa de função);REGISTROS NOVOS;30
RO;Servidor Público(Porte por prerrogativa de função);RENOVAÇÕES;4
RO;Servidor Público(Porte por prerrogativa de função);TRANSFERENCIAS;9
RR;Cidadão;REGISTROS NOVOS;14
RR;Cidadão;RENOVAÇÕES;2
RR;Cidadão;TRANSFERENCIAS;4
RR;Empresa de Segurança Privada;TRANSFERENCIAS;219
RR;Servidor Público(Porte por prerrogativa de função);REGISTROS NOVOS;4
RR;Servidor Público(Porte por prerrogativa de função);TRANSFERENCIAS;1
RS;Caçador de Subsistência;TRANSFERENCIAS;1
RS;Cidadão;REGISTROS NOVOS;631
RS;Cidadão;RENOVAÇÕES;146
RS;Cidadão;TRANSFERENCIAS;119
RS;Empresa com Segurança Orgânica;REGISTROS NOVOS;6
RS;Empresa de Segurança Privada;REGISTROS NOVOS;3
RS;Empresa de Segurança Privada;RENOVAÇÕES;1
RS;Empresa de Segurança Privada;TRANSFERENCIAS;8
RS;Órgão público sem taxa;REGISTROS NOVOS;715
RS;Servidor Público(Porte por prerrogativa de função);REGISTROS NOVOS;54
RS;Servidor Público(Porte por prerrogativa de função);RENOVAÇÕES;21
RS;Servidor Público(Porte por prerrogativa de função);TRANSFERENCIAS;13
SC;Caçador de Subsistência;TRANSFERENCIAS;1
SC;Cidadão;REGISTROS NOVOS;782
SC;Cidadão;RENOVAÇÕES;97
SC;Cidadão;TRANSFERENCIAS;63
SC;Empresa de Segurança Privada;REGISTROS NOVOS;17
SC;Órgão público sem taxa;REGISTROS NOVOS;11
SC;Servidor Público(Porte por prerrogativa de função);REGISTROS NOVOS;34
SC;Servidor Público(Porte por prerrogativa de função);RENOVAÇÕES;1
SC;Servidor Público(Porte por prerrogativa de função);TRANSFERENCIAS;3
SE;Cidadão;REGISTROS NOVOS;155
SE;Cidadão;RENOVAÇÕES;6
SE;Cidadão;TRANSFERENCIAS;9
SE;Empresa de Segurança Privada;TRANSFERENCIAS;17
SE;Órgão público sem taxa;REGISTROS NOVOS;50
SE;Servidor Público(Porte por prerrogativa de função);REGISTROS NOVOS;19
SE;Servidor Público(Porte por prerrogativa de função);RENOVAÇÕES;6
SE;Servidor Público(Porte por prerrogativa de função);TRANSFERENCIAS;1
SP;Cidadão;REGISTROS NOVOS;462
SP;Cidadão;RENOVAÇÕES;83
SP;Cidadão;TRANSFERENCIAS;62
SP;Empresa Comercial;TRANSFERENCIAS;3
SP;Empresa de Segurança Privada;REGISTROS NOVOS;22
SP;Empresa de Segurança Privada;TRANSFERENCIAS;50
SP;Órgão público sem taxa;REGISTROS NOVOS;1
SP;Servidor Público(Porte por prerrogativa de função);REGISTROS NOVOS;151
SP;Servidor Público(Porte por prerrogativa de função);RENOVAÇÕES;28
SP;Servidor Público(Porte por prerrogativa de função);TRANSFERENCIAS;54
TO;Cidadão;REGISTROS NOVOS;101
TO;Cidadão;RENOVAÇÕES;6
TO;Cidadão;TRANSFERENCIAS;7
TO;Empresa com Segurança Orgânica;REGISTROS NOVOS;1
TO;Órgão público sem taxa;REGISTROS NOVOS;500
TO;Servidor Público(Porte por prerrogativa de função);REGISTROS NOVOS;12
TO;Servidor Público(Porte por prerrogativa de função);RENOVAÇÕES;3
